"Team","TeamLead","ApproveWorklogs","Name","ManageTeam","Email","ManageWorklogs"
"OREO","Melyssa Wright","","Ayush Bhanu","","ayush.bhanu@insurity.com",""
"OREO","Melyssa Wright","","Javed Alam","","javed.alam@insurity.com",""
"OREO","Melyssa Wright","","Madhuri Sharma","","madhuri.sharma@insurity.com",""
"OREO","Melyssa Wright","","Saket Suman","","saket.suman@insurity.com",""
"OREO","Melyssa Wright","","Shivendra Singh","","shivendra.singh@insurity.com",""
"OREO","Melyssa Wright","","Snehvarsha Dhirani","","snehvarsha.dhirani@insurity.com",""
"OREO","Melyssa Wright","","Jade McNulty","","jade.mcnulty@insurity.com",""
"OREO","Melyssa Wright","","Cindi Maguder","","cindi.maguder@insurity.com",""
"OREO","Melyssa Wright","","Hamendra Kumar","","hamendra.kumar@insurity.com",""
"OREO","Melyssa Wright","","Deepti Rawat","","deepti.rawat@insurity.com",""
"OREO","Melyssa Wright","","Riya Kumari","","riya.kumari@insurity.com",""
"OREO","Melyssa Wright","","Jason Durst","","jason.durst@insurity.com",""
"OREO","Melyssa Wright","","Melyssa Wright","","melyssa.wright@insurity.com",""
"OREO","Melyssa Wright","","Abhishek Choudhary","","abhishek.choudhary@insurity.com",""
"OREO","Melyssa Wright","","Aniket Shinde","","aniket.shinde@insurity.com",""
"Havok (Tokio & Travelers)","Melyssa Wright","""Vikram Saklikar""","Alexandr Possokhov","","alexandr.possokhov@insurity.com","""Vikram Saklikar"""
"Havok (Tokio & Travelers)","Melyssa Wright","""Vikram Saklikar""","Svetlana Genkin","","svetlana.genkin@insurity.com","""Vikram Saklikar"""
"Havok (Tokio & Travelers)","Melyssa Wright","""Vikram Saklikar""","Susan Barnett","","susan.barnett@insurity.com","""Vikram Saklikar"""
"Havok (Tokio & Travelers)","Melyssa Wright","""Vikram Saklikar""","Lisa Plante","","lisa.plante@insurity.com","""Vikram Saklikar"""
"Havok (Tokio & Travelers)","Melyssa Wright","""Vikram Saklikar""","Jessica Sill","","jessica.sill@insurity.com","""Vikram Saklikar"""
"Havok (Tokio & Travelers)","Melyssa Wright","""Vikram Saklikar""","Melyssa Wright","","melyssa.wright@insurity.com","""Vikram Saklikar"""
"Havok (Tokio & Travelers)","Melyssa Wright","""Vikram Saklikar""","Subhasree Onkar","","subhasree.onkar@insurity.com","""Vikram Saklikar"""
"IDS Framework","Brian Weaver","","Nathan Wallack","","nathan.wallack@insurity.com",""
"IDS Framework","Brian Weaver","","Rahul Nayyar","","rahul.nayyar@insurity.com",""
"IDS Framework","Brian Weaver","","William Johnson","","william.johnson@insurity.com",""
"IDS Framework","Brian Weaver","","Stuart Jensen","","stuart.jensen@insurity.com",""
"IDS Framework","Brian Weaver","","Brandon Vester","","brandon.vester@insurity.com",""
"Minions","Brian Weaver","","Ajeet Yadav","""Kelli Cyr"",""Brian Weaver"",""Soma Putchkayala""","ajeet.yadav@insurity.com",""
"Minions","Brian Weaver","","Gaurav Walia","""Kelli Cyr"",""Brian Weaver"",""Soma Putchkayala""","gaurav.walia@insurity.com",""
"Minions","Brian Weaver","","Nayana Jayaraju","""Kelli Cyr"",""Brian Weaver"",""Soma Putchkayala""","nayana.jayaraju@insurity.com",""
"Minions","Brian Weaver","","Manmeet Kaur","""Kelli Cyr"",""Brian Weaver"",""Soma Putchkayala""","manmeet.kaur@insurity.com",""
"Minions","Brian Weaver","","Vedant Mishra","""Kelli Cyr"",""Brian Weaver"",""Soma Putchkayala""","vedant.mishra@insurity.com",""
"Minions","Brian Weaver","","Dave Bhardwaj","""Kelli Cyr"",""Brian Weaver"",""Soma Putchkayala""","dave.bhardwaj@insurity.com",""
"IDS Tools","Brian Weaver","""Josh Livingstone""","Adam Rudolph","""Josh Livingstone""","adam.rudolph@insurity.com","""Josh Livingstone"""
"IDS Tools","Brian Weaver","""Josh Livingstone""","Richard Rathmann","""Josh Livingstone""","richard.rathmann@insurity.com","""Josh Livingstone"""
"IDS Tools","Brian Weaver","""Josh Livingstone""","Anmol Kasnia","""Josh Livingstone""","anmol.kasnia@insurity.com","""Josh Livingstone"""
"IDS Tools","Brian Weaver","""Josh Livingstone""","Anand Singh","""Josh Livingstone""","anand.singh@insurity.com","""Josh Livingstone"""
"IDS Tools","Brian Weaver","""Josh Livingstone""","Dave Bhardwaj","""Josh Livingstone""","dave.bhardwaj@insurity.com","""Josh Livingstone"""
"Daredevil (IDC-NA)","Kenneth Tang","","Brian Cochran","""Kelli Cyr"",""Kenneth Tang"",""Soma Putchkayala""","brian.cochran@insurity.com",""
"Daredevil (IDC-NA)","Kenneth Tang","","Kevin Lin","""Kelli Cyr"",""Kenneth Tang"",""Soma Putchkayala""","kevin.lin@insurity.com",""
"Daredevil (IDC-NA)","Kenneth Tang","","Stacy Tweet","""Kelli Cyr"",""Kenneth Tang"",""Soma Putchkayala""","stacy.tweet@insurity.com",""
"Daredevil (IDC-NA)","Kenneth Tang","","Sanober Maniyar","""Kelli Cyr"",""Kenneth Tang"",""Soma Putchkayala""","sanober.maniyar@insurity.com",""
"Daredevil (IDC-NA)","Kenneth Tang","","Vipul Bhargava","""Kelli Cyr"",""Kenneth Tang"",""Soma Putchkayala""","vipul.bhargava@insurity.com",""
"Daredevil (IDC-NA)","Kenneth Tang","","Chip Whiteside","""Kelli Cyr"",""Kenneth Tang"",""Soma Putchkayala""","chip.whiteside@insurity.com",""
"Shared Services - QA Automation","Michael Di Loreto","""Kurt Bedocs""","Michael Di Loreto","","michael.diloreto@insurity.com","""Kurt Bedocs"""
"Shared Services - QA Automation","Michael Di Loreto","""Kurt Bedocs""","Gaurav Patil","","gaurav.patil@insurity.com","""Kurt Bedocs"""
"Shared Services - QA Automation","Michael Di Loreto","""Kurt Bedocs""","Satyam Agnihotri","","satyam.agnihotri@insurity.com","""Kurt Bedocs"""
"Shared Services - QA Automation","Michael Di Loreto","""Kurt Bedocs""","Aaron Wagstaff","","aaron.wagstaff@insurity.com","""Kurt Bedocs"""
"Shared Services - QA Automation","Michael Di Loreto","""Kurt Bedocs""","MBharat Arjun","","mbharat.arjun@insurity.com","""Kurt Bedocs"""
"Shared Services - QA Automation","Michael Di Loreto","""Kurt Bedocs""","Asgar Ansari","","asgar.ansari@insurity.com","""Kurt Bedocs"""
"Shared Services - QA Automation","Michael Di Loreto","""Kurt Bedocs""","Vaibhav Bhatt","","vaibhav.bhatt@insurity.com","""Kurt Bedocs"""
"Shared Services - QA Automation","Michael Di Loreto","""Kurt Bedocs""","Vaibhav Sen","","vaibhav.sen@insurity.com","""Kurt Bedocs"""
"Shared Services - QA Automation","Michael Di Loreto","""Kurt Bedocs""","Gurudath Venkatraman","","gurudath.venkatraman@insurity.com","""Kurt Bedocs"""
"Shared Services - QA Automation","Michael Di Loreto","""Kurt Bedocs""","Kushal Raut","","kushal.raut@insurity.com","""Kurt Bedocs"""
"Shared Services - QA Automation","Michael Di Loreto","""Kurt Bedocs""","Sukhada Anjankar","","sukhada.anjankar@insurity.com","""Kurt Bedocs"""
"Avalanche (Zurich)","Madhuri Mishra","","Abhishek Sharma","","abhishek.sharma@insurity.com",""
"Avalanche (Zurich)","Madhuri Mishra","","Kirti Atwal","","kirti.atwal@insurity.com",""
"Avalanche (Zurich)","Madhuri Mishra","","Neha Jain","","neha.jain@insurity.com",""
"Avalanche (Zurich)","Madhuri Mishra","","Rimjhim Kaul","","rimjhim.kaul@insurity.com",""
"Avalanche (Zurich)","Madhuri Mishra","","Steven Word","","steven.word@insurity.com",""
"Avalanche (Zurich)","Madhuri Mishra","","Manish Pandey","","manish.pandey@insurity.com",""
"Avalanche (Zurich)","Madhuri Mishra","","Kweku Dougan","","kweku.dougan@insurity.com",""
"Avalanche (Zurich)","Madhuri Mishra","","Jackie Ritter","","jackie.ritter@insurity.com",""
"Blizzard (GNY & MSA)","Alex Rivera","","Alex Rivera","","alex.rivera@insurity.com",""
"Blizzard (GNY & MSA)","Alex Rivera","","Phil Naples","","phil.naples@insurity.com",""
"Blizzard (GNY & MSA)","Alex Rivera","","Ashutosh Dwivedi","","ashutosh.dwivedi@insurity.com",""
"Blizzard (GNY & MSA)","Alex Rivera","","Badrish Srivastava","","badrish.srivastava@insurity.com",""
"Blizzard (GNY & MSA)","Alex Rivera","","Himanshi Kansal","","himanshi.kansal@insurity.com",""
"Blizzard (GNY & MSA)","Alex Rivera","","Sandeep Pokhriyal","","sandeep.pokhriyal@insurity.com",""
"Blizzard (GNY & MSA)","Alex Rivera","","Shivani Thapliyal","","shivani.thapliyal@insurity.com",""
"Blizzard (GNY & MSA)","Alex Rivera","","Daniel Lanza","","daniel.lanza@insurity.com",""
"Blizzard (GNY & MSA)","Alex Rivera","","Mary Stauffacher","","mary.stauffacher@insurity.com",""
"Blizzard (GNY & MSA)","Alex Rivera","","Nikhil Kumar","","nikhil.kumar@insurity.com",""
"Blizzard (GNY & MSA)","Alex Rivera","","Sonam Saxena","","sonam.saxena@insurity.com",""
"BlueSky (Allstate)","Thomas Gworek","","Kunal Sharma","","kunal.sharma@insurity.com",""
"BlueSky (Allstate)","Thomas Gworek","","Sandeep Gill","","sandeep.gill@insurity.com",""
"BlueSky (Allstate)","Thomas Gworek","","Mikhail Chernyak","","mikhail.chernyak@insurity.com",""
"BlueSky (Allstate)","Thomas Gworek","","Elaine Ferreira","","elaine.ferreira@insurity.com",""
"BlueSky (Allstate)","Thomas Gworek","","Darby Ranger","","darby.ranger@insurity.com",""
"BlueSky (Allstate)","Thomas Gworek","","Margery Schaller","","margery.schaller@insurity.com",""
"Haboob (PS QA)","Eric Hart","","Audrey Zaccaro","","audrey.zaccaro@insurity.com",""
"Haboob (PS QA)","Eric Hart","","Eric Hart","","eric.hart@insurity.com",""
"Haboob (PS QA)","Eric Hart","","Susan Carvalho","","susan.carvalho@insurity.com",""
"Haboob (PS QA)","Eric Hart","","Kunal Agarwal","","kunal.agarwal@insurity.com",""
"Haboob (PS QA)","Eric Hart","","Abhinav Srivastava","","abhinav.srivastava@insurity.com",""
"Haboob (PS QA)","Eric Hart","","Kritika Kwatra","","kritika.kwatra@insurity.com",""
"Haboob (PS QA)","Eric Hart","","Sanchit Goel","","sanchit.goel@insurity.com",""
"Haboob (PS QA)","Eric Hart","","Satyam Agnihotri","","satyam.agnihotri@insurity.com",""
"Haboob (PS QA)","Eric Hart","","Soumya Jain","","soumya.jain@insurity.com",""
"Haboob (PS QA)","Eric Hart","","Srishti Khurana","","srishti.khurana@insurity.com",""
"Haboob (PS QA)","Eric Hart","","Daniel J.E. Fleischer","","daniel.fleischer@insurity.com",""
"Heat Wave (Database)","Brian Weaver","","Joe Willametz","","joe.willametz@insurity.com",""
"Heat Wave (Database)","Brian Weaver","","Monica Floryan","","monica.floryan@insurity.com",""
"Heat Wave (Database)","Brian Weaver","","Alla Malakh","","alla.malakh@insurity.com",""
"Heat Wave (Database)","Brian Weaver","","Fiona Wong","","fiona.wong@insurity.com",""
"Heat Wave (Database)","Brian Weaver","","Andrew Dugan","","andrew.dugan@insurity.com",""
"Hurricane (SwissRe & Chubb)","Neha Singh","""Vikram Saklikar""","Dipika Nagpal","","dipika.nagpal@insurity.com","""Vikram Saklikar"""
"Hurricane (SwissRe & Chubb)","Neha Singh","""Vikram Saklikar""","Harish Chauhan","","harish.chauhan@insurity.com","""Vikram Saklikar"""
"Hurricane (SwissRe & Chubb)","Neha Singh","""Vikram Saklikar""","Juhi Asthana","","juhi.asthana@insurity.com","""Vikram Saklikar"""
"Hurricane (SwissRe & Chubb)","Neha Singh","""Vikram Saklikar""","Jennifer DoVale","","jennifer.dovale@insurity.com","""Vikram Saklikar"""
"Hurricane (SwissRe & Chubb)","Neha Singh","""Vikram Saklikar""","Randall Young","","randall.young@insurity.com","""Vikram Saklikar"""
"Hurricane (SwissRe & Chubb)","Neha Singh","""Vikram Saklikar""","Don Kerski","","don.kerski@insurity.com","""Vikram Saklikar"""
"Hurricane (SwissRe & Chubb)","Neha Singh","""Vikram Saklikar""","Althea Aquino","","althea.aquino@insurity.com","""Vikram Saklikar"""
"Hurricane (SwissRe & Chubb)","Neha Singh","""Vikram Saklikar""","Shanmuga Priya","","shanmuga.priya@insurity.com","""Vikram Saklikar"""
"Hurricane (SwissRe & Chubb)","Neha Singh","""Vikram Saklikar""","Neha Singh","","neha.singh@insurity.com","""Vikram Saklikar"""
"Hurricane (SwissRe & Chubb)","Neha Singh","""Vikram Saklikar""","Bhawna Sharma","","bhawna.sharma@insurity.com","""Vikram Saklikar"""
"Hurricane (SwissRe & Chubb)","Neha Singh","""Vikram Saklikar""","Eeti Sharma","","eeti.sharma@insurity.com","""Vikram Saklikar"""
"Hurricane (SwissRe & Chubb)","Neha Singh","""Vikram Saklikar""","Aakanksha Sharma","","aakanksha.sharma@insurity.com","""Vikram Saklikar"""
"Nor-Easter (Acord)","Brian Weaver","","James Bradley","","james.bradley@insurity.com",""
"Nor-Easter (Acord)","Brian Weaver","","Melanie Goodwin","","melanie.goodwin@insurity.com",""
"Snowbird (Alaska & Country)","Thomas Gworek","","Sai Malineni","","sai.malineni@insurity.com",""
"Snowbird (Alaska & Country)","Thomas Gworek","","Sandeep Rana","","sandeep.rana@insurity.com",""
"Snowbird (Alaska & Country)","Thomas Gworek","","Siddharth Kumar","","siddharth.kumar@insurity.com",""
"Snowbird (Alaska & Country)","Thomas Gworek","","Erich Ohlendorf","","erich.ohlendorf@insurity.com",""
"Snowbird (Alaska & Country)","Thomas Gworek","","Purvish Mehta","","purvish.mehta@insurity.com",""
"Thundersnow (Arch)","Dhanraj Kotian, PMP","","Mohammed Ariz","","mohammed.ariz@insurity.com",""
"Thundersnow (Arch)","Dhanraj Kotian, PMP","","Priyanka Sharma","","priyanka.sharma@insurity.com",""
"Thundersnow (Arch)","Dhanraj Kotian, PMP","","Vinay Jaiswal","","vinay.jaiswal@insurity.com",""
"Thundersnow (Arch)","Dhanraj Kotian, PMP","","Dhanraj Kotian, PMP","","dhanraj.kotian@insurity.com",""
"Thundersnow (Arch)","Dhanraj Kotian, PMP","","Kristen Hammick","","kristen.hammick@insurity.com",""
"Thundersnow (Arch)","Dhanraj Kotian, PMP","","Prashant Singh1","","prashant.singh1@insurity.com",""
"Tornado (FCCI)","Tanya Hanke","","Simran Barnwal","","simran.barnwal@insurity.com",""
"Tornado (FCCI)","Tanya Hanke","","Tanya Hanke","","tanya.hanke@insurity.com",""
"Tornado (FCCI)","Tanya Hanke","","Ankit Yadav","","ankit.yadav@insurity.com",""
"Tornado (FCCI)","Tanya Hanke","","Kiranjeet Kaur","","kiranjeet.kaur@insurity.com",""
"Tornado (FCCI)","Tanya Hanke","","Sarthak Goel","","sarthak.goel@insurity.com",""
"Tornado (FCCI)","Tanya Hanke","","Vinod Kumar2","","vinod.kumar2@insurity.com",""
"Tornado (FCCI)","Tanya Hanke","","Sagar Mishra","","sagar.mishra@insurity.com",""
"Tornado (FCCI)","Tanya Hanke","","Amit Kaushik","","amit.kaushik@insurity.com",""
"Tornado (FCCI)","Tanya Hanke","","Geetesh Garg","","geetesh.garg@insurity.com",""
"Tornado (FCCI)","Tanya Hanke","","Ashutosh Singh","","ashutosh.singh@insurity.com",""
"Tornado (FCCI)","Tanya Hanke","","Laura Cascarella","","laura.cascarella@insurity.com",""
"Typhoon (C&F)","January Casabar","","Jhonaliza Cachola","","jhonaliza.cachola@insurity.com",""
"Typhoon (C&F)","January Casabar","","January Casabar","","january.casabar@insurity.com",""
"Typhoon (C&F)","January Casabar","","Raynan Oblea","","raynan.oblea@insurity.com",""
"Typhoon (C&F)","January Casabar","","Giselle Joseph","","giselle.joseph@insurity.com",""
"Typhoon (C&F)","January Casabar","","Leodilyn Tuazon","","leodilyn.tuazon@insurity.com",""
"Typhoon (C&F)","January Casabar","","Vincent Sanchez","","vincent.sanchez@insurity.com",""
"Typhoon (C&F)","January Casabar","","Hannah Luistro","","hannah.luistro@insurity.com",""
"Typhoon (C&F)","January Casabar","","Rizza Sangil","","rizza.sangil@insurity.com",""
"Typhoon (C&F)","January Casabar","","A-Jay Buenavista","","a-jay.buenavista@insurity.com",""
"Typhoon (C&F)","January Casabar","","Nadine Agapay","","nadine.agapay@insurity.com",""
"Typhoon (C&F)","January Casabar","","Joyce Marriell Ronquillo","","joycemarriell.ronquillo@insurity.com",""
"Typhoon (C&F)","January Casabar","","Arvin Chua","","arvin.chua@insurity.com",""
"Typhoon (C&F)","January Casabar","","Marc Andales","","marc.andales@insurity.com",""
"Wolverines (CXP)","Jeremy Finch","""Rachel Robert"",""Tanveer Siddiqui"",""Manoj Gupta"",""Rachel Robert"",""Kambiz Bafekr Bajgiran"",""Manoj Gupta"",""Jeremy Finch""","Kevin Xiong","""Rachel Robert"",""Kambiz Bafekr Bajgiran"",""Manoj Gupta"",""Jeremy Finch""","kevin.xiong@insurity.com","""Rachel Robert"",""Tanveer Siddiqui"",""Manoj Gupta"",""Rachel Robert"",""Kambiz Bafekr Bajgiran"",""Manoj Gupta"",""Jeremy Finch"""
"Wolverines (CXP)","Jeremy Finch","""Rachel Robert"",""Tanveer Siddiqui"",""Manoj Gupta"",""Rachel Robert"",""Kambiz Bafekr Bajgiran"",""Manoj Gupta"",""Jeremy Finch""","Christian Villalba","""Rachel Robert"",""Kambiz Bafekr Bajgiran"",""Manoj Gupta"",""Jeremy Finch""","christian.villalba@insurity.com","""Rachel Robert"",""Tanveer Siddiqui"",""Manoj Gupta"",""Rachel Robert"",""Kambiz Bafekr Bajgiran"",""Manoj Gupta"",""Jeremy Finch"""
"Wolverines (CXP)","Jeremy Finch","""Rachel Robert"",""Tanveer Siddiqui"",""Manoj Gupta"",""Rachel Robert"",""Kambiz Bafekr Bajgiran"",""Manoj Gupta"",""Jeremy Finch""","Himanshu Dangwal","""Rachel Robert"",""Kambiz Bafekr Bajgiran"",""Manoj Gupta"",""Jeremy Finch""","himanshu.dangwal@insurity.com","""Rachel Robert"",""Tanveer Siddiqui"",""Manoj Gupta"",""Rachel Robert"",""Kambiz Bafekr Bajgiran"",""Manoj Gupta"",""Jeremy Finch"""
"Wolverines (CXP)","Jeremy Finch","""Rachel Robert"",""Tanveer Siddiqui"",""Manoj Gupta"",""Rachel Robert"",""Kambiz Bafekr Bajgiran"",""Manoj Gupta"",""Jeremy Finch""","Durgesh Kumar","""Rachel Robert"",""Kambiz Bafekr Bajgiran"",""Manoj Gupta"",""Jeremy Finch""","durgesh.kumar@insurity.com","""Rachel Robert"",""Tanveer Siddiqui"",""Manoj Gupta"",""Rachel Robert"",""Kambiz Bafekr Bajgiran"",""Manoj Gupta"",""Jeremy Finch"""
"Wolverines (CXP)","Jeremy Finch","""Rachel Robert"",""Tanveer Siddiqui"",""Manoj Gupta"",""Rachel Robert"",""Kambiz Bafekr Bajgiran"",""Manoj Gupta"",""Jeremy Finch""","Nafe Yadav","""Rachel Robert"",""Kambiz Bafekr Bajgiran"",""Manoj Gupta"",""Jeremy Finch""","nafe.yadav@insurity.com","""Rachel Robert"",""Tanveer Siddiqui"",""Manoj Gupta"",""Rachel Robert"",""Kambiz Bafekr Bajgiran"",""Manoj Gupta"",""Jeremy Finch"""
"Wolverines (CXP)","Jeremy Finch","""Rachel Robert"",""Tanveer Siddiqui"",""Manoj Gupta"",""Rachel Robert"",""Kambiz Bafekr Bajgiran"",""Manoj Gupta"",""Jeremy Finch""","Kambiz Bafekr Bajgiran","""Rachel Robert"",""Kambiz Bafekr Bajgiran"",""Manoj Gupta"",""Jeremy Finch""","kambiz.bafekr@insurity.com","""Rachel Robert"",""Tanveer Siddiqui"",""Manoj Gupta"",""Rachel Robert"",""Kambiz Bafekr Bajgiran"",""Manoj Gupta"",""Jeremy Finch"""
"Wolverines (CXP)","Jeremy Finch","""Rachel Robert"",""Tanveer Siddiqui"",""Manoj Gupta"",""Rachel Robert"",""Kambiz Bafekr Bajgiran"",""Manoj Gupta"",""Jeremy Finch""","Manoj Gupta","""Rachel Robert"",""Kambiz Bafekr Bajgiran"",""Manoj Gupta"",""Jeremy Finch""","manoj.gupta@insurity.com","""Rachel Robert"",""Tanveer Siddiqui"",""Manoj Gupta"",""Rachel Robert"",""Kambiz Bafekr Bajgiran"",""Manoj Gupta"",""Jeremy Finch"""
"Wolverines (CXP)","Jeremy Finch","""Rachel Robert"",""Tanveer Siddiqui"",""Manoj Gupta"",""Rachel Robert"",""Kambiz Bafekr Bajgiran"",""Manoj Gupta"",""Jeremy Finch""","K Thulasi","""Rachel Robert"",""Kambiz Bafekr Bajgiran"",""Manoj Gupta"",""Jeremy Finch""","k.thulasi@insurity.com","""Rachel Robert"",""Tanveer Siddiqui"",""Manoj Gupta"",""Rachel Robert"",""Kambiz Bafekr Bajgiran"",""Manoj Gupta"",""Jeremy Finch"""
"Jaguars (Bridge)","Jeremy Finch","""Priyamvada Shrivastava"",""Rachel Robert"",""Wai Pak"",""Tanveer Siddiqui"",""Kambiz Bafekr Bajgiran"",""Manoj Gupta"",""Rachel Robert"",""Priyamvada Shrivastava"",""Jeremy Finch""","Manoj Krishna","""Rachel Robert"",""Priyamvada Shrivastava"",""Jeremy Finch""","manoj.krishna@insurity.com","""Priyamvada Shrivastava"",""Rachel Robert"",""Wai Pak"",""Tanveer Siddiqui"",""Kambiz Bafekr Bajgiran"",""Manoj Gupta"",""Rachel Robert"",""Priyamvada Shrivastava"",""Jeremy Finch"""
"Jaguars (Bridge)","Jeremy Finch","""Priyamvada Shrivastava"",""Rachel Robert"",""Wai Pak"",""Tanveer Siddiqui"",""Kambiz Bafekr Bajgiran"",""Manoj Gupta"",""Rachel Robert"",""Priyamvada Shrivastava"",""Jeremy Finch""","Sonil Kumar","""Rachel Robert"",""Priyamvada Shrivastava"",""Jeremy Finch""","sonil.kumar@insurity.com","""Priyamvada Shrivastava"",""Rachel Robert"",""Wai Pak"",""Tanveer Siddiqui"",""Kambiz Bafekr Bajgiran"",""Manoj Gupta"",""Rachel Robert"",""Priyamvada Shrivastava"",""Jeremy Finch"""
"Jaguars (Bridge)","Jeremy Finch","""Priyamvada Shrivastava"",""Rachel Robert"",""Wai Pak"",""Tanveer Siddiqui"",""Kambiz Bafekr Bajgiran"",""Manoj Gupta"",""Rachel Robert"",""Priyamvada Shrivastava"",""Jeremy Finch""","Jason Lin","""Rachel Robert"",""Priyamvada Shrivastava"",""Jeremy Finch""","jason.lin@insurity.com","""Priyamvada Shrivastava"",""Rachel Robert"",""Wai Pak"",""Tanveer Siddiqui"",""Kambiz Bafekr Bajgiran"",""Manoj Gupta"",""Rachel Robert"",""Priyamvada Shrivastava"",""Jeremy Finch"""
"Jaguars (Bridge)","Jeremy Finch","""Priyamvada Shrivastava"",""Rachel Robert"",""Wai Pak"",""Tanveer Siddiqui"",""Kambiz Bafekr Bajgiran"",""Manoj Gupta"",""Rachel Robert"",""Priyamvada Shrivastava"",""Jeremy Finch""","Vladimir Byelov","""Rachel Robert"",""Priyamvada Shrivastava"",""Jeremy Finch""","vladimir.byelov@insurity.com","""Priyamvada Shrivastava"",""Rachel Robert"",""Wai Pak"",""Tanveer Siddiqui"",""Kambiz Bafekr Bajgiran"",""Manoj Gupta"",""Rachel Robert"",""Priyamvada Shrivastava"",""Jeremy Finch"""
"Jaguars (Bridge)","Jeremy Finch","""Priyamvada Shrivastava"",""Rachel Robert"",""Wai Pak"",""Tanveer Siddiqui"",""Kambiz Bafekr Bajgiran"",""Manoj Gupta"",""Rachel Robert"",""Priyamvada Shrivastava"",""Jeremy Finch""","Joel Zolov","""Rachel Robert"",""Priyamvada Shrivastava"",""Jeremy Finch""","joel.zolov@insurity.com","""Priyamvada Shrivastava"",""Rachel Robert"",""Wai Pak"",""Tanveer Siddiqui"",""Kambiz Bafekr Bajgiran"",""Manoj Gupta"",""Rachel Robert"",""Priyamvada Shrivastava"",""Jeremy Finch"""
"Jaguars (Bridge)","Jeremy Finch","""Priyamvada Shrivastava"",""Rachel Robert"",""Wai Pak"",""Tanveer Siddiqui"",""Kambiz Bafekr Bajgiran"",""Manoj Gupta"",""Rachel Robert"",""Priyamvada Shrivastava"",""Jeremy Finch""","Priyamvada Shrivastava","""Rachel Robert"",""Priyamvada Shrivastava"",""Jeremy Finch""","priyamvada.shrivasta@insurity.com","""Priyamvada Shrivastava"",""Rachel Robert"",""Wai Pak"",""Tanveer Siddiqui"",""Kambiz Bafekr Bajgiran"",""Manoj Gupta"",""Rachel Robert"",""Priyamvada Shrivastava"",""Jeremy Finch"""
"Jaguars (Bridge)","Jeremy Finch","""Priyamvada Shrivastava"",""Rachel Robert"",""Wai Pak"",""Tanveer Siddiqui"",""Kambiz Bafekr Bajgiran"",""Manoj Gupta"",""Rachel Robert"",""Priyamvada Shrivastava"",""Jeremy Finch""","Shivi Maheshwari","""Rachel Robert"",""Priyamvada Shrivastava"",""Jeremy Finch""","shivi.maheshwari@insurity.com","""Priyamvada Shrivastava"",""Rachel Robert"",""Wai Pak"",""Tanveer Siddiqui"",""Kambiz Bafekr Bajgiran"",""Manoj Gupta"",""Rachel Robert"",""Priyamvada Shrivastava"",""Jeremy Finch"""
"Jaguars (Bridge)","Jeremy Finch","""Priyamvada Shrivastava"",""Rachel Robert"",""Wai Pak"",""Tanveer Siddiqui"",""Kambiz Bafekr Bajgiran"",""Manoj Gupta"",""Rachel Robert"",""Priyamvada Shrivastava"",""Jeremy Finch""","Jeremy Finch","""Rachel Robert"",""Priyamvada Shrivastava"",""Jeremy Finch""","jeremy.finch@insurity.com","""Priyamvada Shrivastava"",""Rachel Robert"",""Wai Pak"",""Tanveer Siddiqui"",""Kambiz Bafekr Bajgiran"",""Manoj Gupta"",""Rachel Robert"",""Priyamvada Shrivastava"",""Jeremy Finch"""
"Pandas (IMS)","Jeremy Finch","""Rachel Robert"",""Tanveer Siddiqui"",""Priyamvada Shrivastava"",""Rachel Robert"",""Jeremy Finch"",""Priyamvada Shrivastava""","Rupesh Gupta","""Rachel Robert"",""Jeremy Finch"",""Priyamvada Shrivastava""","rupesh.gupta@insurity.com","""Rachel Robert"",""Tanveer Siddiqui"",""Priyamvada Shrivastava"",""Rachel Robert"",""Jeremy Finch"",""Priyamvada Shrivastava"""
"Pandas (IMS)","Jeremy Finch","""Rachel Robert"",""Tanveer Siddiqui"",""Priyamvada Shrivastava"",""Rachel Robert"",""Jeremy Finch"",""Priyamvada Shrivastava""","Sourav Gue","""Rachel Robert"",""Jeremy Finch"",""Priyamvada Shrivastava""","sourav.gue@insurity.com","""Rachel Robert"",""Tanveer Siddiqui"",""Priyamvada Shrivastava"",""Rachel Robert"",""Jeremy Finch"",""Priyamvada Shrivastava"""
"Pandas (IMS)","Jeremy Finch","""Rachel Robert"",""Tanveer Siddiqui"",""Priyamvada Shrivastava"",""Rachel Robert"",""Jeremy Finch"",""Priyamvada Shrivastava""","Taher Sobh","""Rachel Robert"",""Jeremy Finch"",""Priyamvada Shrivastava""","taher.sobh@insurity.com","""Rachel Robert"",""Tanveer Siddiqui"",""Priyamvada Shrivastava"",""Rachel Robert"",""Jeremy Finch"",""Priyamvada Shrivastava"""
"Pandas (IMS)","Jeremy Finch","""Rachel Robert"",""Tanveer Siddiqui"",""Priyamvada Shrivastava"",""Rachel Robert"",""Jeremy Finch"",""Priyamvada Shrivastava""","Bing Chen","""Rachel Robert"",""Jeremy Finch"",""Priyamvada Shrivastava""","bing.chen@insurity.com","""Rachel Robert"",""Tanveer Siddiqui"",""Priyamvada Shrivastava"",""Rachel Robert"",""Jeremy Finch"",""Priyamvada Shrivastava"""
"Pandas (IMS)","Jeremy Finch","""Rachel Robert"",""Tanveer Siddiqui"",""Priyamvada Shrivastava"",""Rachel Robert"",""Jeremy Finch"",""Priyamvada Shrivastava""","Ashish Jaiswal","""Rachel Robert"",""Jeremy Finch"",""Priyamvada Shrivastava""","ashish.jaiswal@insurity.com","""Rachel Robert"",""Tanveer Siddiqui"",""Priyamvada Shrivastava"",""Rachel Robert"",""Jeremy Finch"",""Priyamvada Shrivastava"""
"Pandas (IMS)","Jeremy Finch","""Rachel Robert"",""Tanveer Siddiqui"",""Priyamvada Shrivastava"",""Rachel Robert"",""Jeremy Finch"",""Priyamvada Shrivastava""","Abhinav Pathak","""Rachel Robert"",""Jeremy Finch"",""Priyamvada Shrivastava""","abhinav.pathak@insurity.com","""Rachel Robert"",""Tanveer Siddiqui"",""Priyamvada Shrivastava"",""Rachel Robert"",""Jeremy Finch"",""Priyamvada Shrivastava"""
"Pandas (IMS)","Jeremy Finch","""Rachel Robert"",""Tanveer Siddiqui"",""Priyamvada Shrivastava"",""Rachel Robert"",""Jeremy Finch"",""Priyamvada Shrivastava""","Saurabh Gaur","""Rachel Robert"",""Jeremy Finch"",""Priyamvada Shrivastava""","saurabh.gaur@insurity.com","""Rachel Robert"",""Tanveer Siddiqui"",""Priyamvada Shrivastava"",""Rachel Robert"",""Jeremy Finch"",""Priyamvada Shrivastava"""
"Honey Badgers (Enterprise DevOps)","John Hennesey","""Chris Binkerd""","Cristobal Nevares","""Chris Binkerd""","cris.nevares@insurity.com","""Chris Binkerd"""
"Honey Badgers (Enterprise DevOps)","John Hennesey","""Chris Binkerd""","Claudius Skiba","""Chris Binkerd""","claudius.skiba@insurity.com","""Chris Binkerd"""
"Honey Badgers (Enterprise DevOps)","John Hennesey","""Chris Binkerd""","David Burns","""Chris Binkerd""","david.burns@insurity.com","""Chris Binkerd"""
"Honey Badgers (Enterprise DevOps)","John Hennesey","""Chris Binkerd""","Adam Zey","""Chris Binkerd""","adam.zey@insurity.com","""Chris Binkerd"""
"Honey Badgers (Enterprise DevOps)","John Hennesey","""Chris Binkerd""","Sagar Shukla","""Chris Binkerd""","sagar.shukla@insurity.com","""Chris Binkerd"""
"Honey Badgers (Enterprise DevOps)","John Hennesey","""Chris Binkerd""","Nicky Helmkamp","""Chris Binkerd""","nicky.helmkamp@insurity.com","""Chris Binkerd"""
"Razorbacks (DevOps Support)","Richard O'Regan","","Scott Duckworth","","scott.duckworth@insurity.com",""
"Razorbacks (DevOps Support)","Richard O'Regan","","Richard O'Regan","","richard.oregan@insurity.com",""
"Razorbacks (DevOps Support)","Richard O'Regan","","Anju Mohan","","anju.mohan@insurity.com",""
"Razorbacks (DevOps Support)","Richard O'Regan","","Aaron Raymer","","aaron.raymer@insurity.com",""
"Razorbacks (DevOps Support)","Richard O'Regan","","Sandeep Sandhu","","sandeep.sandhu@insurity.com",""
"Razorbacks (DevOps Support)","Richard O'Regan","","Bal Reddy","","bal.reddy@insurity.com",""
"Razorbacks (DevOps Support)","Richard O'Regan","","Sanchit Bhatia","","sanchit.bhatia@insurity.com",""
"Manatees (IWCS)","Jeremy Finch","""Manoj Gupta"",""Tanveer Siddiqui"",""Rachel Robert"",""Manoj Gupta"",""John Hennesey"",""Jeremy Finch""","Anikesh Shubham","""Rachel Robert"",""Manoj Gupta"",""John Hennesey"",""Jeremy Finch""","anikesh.shubham@insurity.com","""Manoj Gupta"",""Tanveer Siddiqui"",""Rachel Robert"",""Manoj Gupta"",""John Hennesey"",""Jeremy Finch"""
"Manatees (IWCS)","Jeremy Finch","""Manoj Gupta"",""Tanveer Siddiqui"",""Rachel Robert"",""Manoj Gupta"",""John Hennesey"",""Jeremy Finch""","Jonathan Chan","""Rachel Robert"",""Manoj Gupta"",""John Hennesey"",""Jeremy Finch""","jonathan.chan@insurity.com","""Manoj Gupta"",""Tanveer Siddiqui"",""Rachel Robert"",""Manoj Gupta"",""John Hennesey"",""Jeremy Finch"""
"Manatees (IWCS)","Jeremy Finch","""Manoj Gupta"",""Tanveer Siddiqui"",""Rachel Robert"",""Manoj Gupta"",""John Hennesey"",""Jeremy Finch""","Abinadab Dieter","""Rachel Robert"",""Manoj Gupta"",""John Hennesey"",""Jeremy Finch""","abinadab.dieter@insurity.com","""Manoj Gupta"",""Tanveer Siddiqui"",""Rachel Robert"",""Manoj Gupta"",""John Hennesey"",""Jeremy Finch"""
"Manatees (IWCS)","Jeremy Finch","""Manoj Gupta"",""Tanveer Siddiqui"",""Rachel Robert"",""Manoj Gupta"",""John Hennesey"",""Jeremy Finch""","Ravi Garg","""Rachel Robert"",""Manoj Gupta"",""John Hennesey"",""Jeremy Finch""","ravi.garg@insurity.com","""Manoj Gupta"",""Tanveer Siddiqui"",""Rachel Robert"",""Manoj Gupta"",""John Hennesey"",""Jeremy Finch"""
"Manatees (IWCS)","Jeremy Finch","""Manoj Gupta"",""Tanveer Siddiqui"",""Rachel Robert"",""Manoj Gupta"",""John Hennesey"",""Jeremy Finch""","Aakansha Tyagi","""Rachel Robert"",""Manoj Gupta"",""John Hennesey"",""Jeremy Finch""","aakansha.tyagi@insurity.com","""Manoj Gupta"",""Tanveer Siddiqui"",""Rachel Robert"",""Manoj Gupta"",""John Hennesey"",""Jeremy Finch"""
"Manatees (IWCS)","Jeremy Finch","""Manoj Gupta"",""Tanveer Siddiqui"",""Rachel Robert"",""Manoj Gupta"",""John Hennesey"",""Jeremy Finch""","Abhijit Shinde","""Rachel Robert"",""Manoj Gupta"",""John Hennesey"",""Jeremy Finch""","abhijit.shinde@insurity.com","""Manoj Gupta"",""Tanveer Siddiqui"",""Rachel Robert"",""Manoj Gupta"",""John Hennesey"",""Jeremy Finch"""
"Manatees (IWCS)","Jeremy Finch","""Manoj Gupta"",""Tanveer Siddiqui"",""Rachel Robert"",""Manoj Gupta"",""John Hennesey"",""Jeremy Finch""","Elliott McCurry","""Rachel Robert"",""Manoj Gupta"",""John Hennesey"",""Jeremy Finch""","elliott.mccurry@insurity.com","""Manoj Gupta"",""Tanveer Siddiqui"",""Rachel Robert"",""Manoj Gupta"",""John Hennesey"",""Jeremy Finch"""
"PD Common","Kenneth Tang","""Kenneth Tang""","Phil Naples","""Kenneth Tang""","phil.naples@insurity.com","""Kenneth Tang"""
"PD Common","Kenneth Tang","""Kenneth Tang""","Amber Gibb","""Kenneth Tang""","amber.gibb@insurity.com","""Kenneth Tang"""
"PD Common","Kenneth Tang","""Kenneth Tang""","Robert Bischoff","""Kenneth Tang""","robert.bischoff@insurity.com","""Kenneth Tang"""
"PD Common","Kenneth Tang","""Kenneth Tang""","Litisqe Kumar","""Kenneth Tang""","litisqe.kumar@insurity.com","""Kenneth Tang"""
"PD Common","Kenneth Tang","""Kenneth Tang""","Mangesh Nakhate","""Kenneth Tang""","mangesh.nakhate@insurity.com","""Kenneth Tang"""
"PD Common","Kenneth Tang","""Kenneth Tang""","Harshita Goplani","""Kenneth Tang""","harshita.goplani@insurity.com","""Kenneth Tang"""
"PD Common","Kenneth Tang","""Kenneth Tang""","Abhishek Mali","""Kenneth Tang""","abhishek.mali@insurity.com","""Kenneth Tang"""
"PD Common","Kenneth Tang","""Kenneth Tang""","Priyanka Sharma1","""Kenneth Tang""","priyanka.sharma1@insurity.com","""Kenneth Tang"""
"PD Common","Kenneth Tang","""Kenneth Tang""","Vrushali Chitte","""Kenneth Tang""","vrushali.chitte@insurity.com","""Kenneth Tang"""
"PD Common","Kenneth Tang","""Kenneth Tang""","Govind Jadhav","""Kenneth Tang""","govind.jadhav@insurity.com","""Kenneth Tang"""
"PD Common","Kenneth Tang","""Kenneth Tang""","Suriyaprakash Marimuthu","""Kenneth Tang""","suriyaprakash.marimu@insurity.com","""Kenneth Tang"""
"PD Common","Kenneth Tang","""Kenneth Tang""","Sarita Porwal","""Kenneth Tang""","sarita.porwal@insurity.com","""Kenneth Tang"""
"OMS CoE","Vladislav Tsapko","","Vladislav Tsapko","""Olivia Monast""","vladislav.tsapko@insurity.com",""
"Xavier","Jena Davis","","Vivek Gupta","""Kelli Cyr"",""Adam LaFlamme"",""Soma Putchkayala"",""Kenneth Tang""","vivek.gupta@insurity.com",""
"Xavier","Jena Davis","","Anil Saroj","""Kelli Cyr"",""Adam LaFlamme"",""Soma Putchkayala"",""Kenneth Tang""","anil.saroj@insurity.com",""
"Xavier","Jena Davis","","Ranjeet Singh","""Kelli Cyr"",""Adam LaFlamme"",""Soma Putchkayala"",""Kenneth Tang""","ranjeet.singh@insurity.com",""
"Xavier","Jena Davis","","Sumit Kumar2","""Kelli Cyr"",""Adam LaFlamme"",""Soma Putchkayala"",""Kenneth Tang""","sumit.kumar2@insurity.com",""
"Xavier","Jena Davis","","Pooja Kumari","""Kelli Cyr"",""Adam LaFlamme"",""Soma Putchkayala"",""Kenneth Tang""","pooja.kumari@insurity.com",""
"Xavier","Jena Davis","","Sumit Bhasin","""Kelli Cyr"",""Adam LaFlamme"",""Soma Putchkayala"",""Kenneth Tang""","sumit.bhasin@insurity.com",""
"Xavier","Jena Davis","","Naresh Satyamoorthy","""Kelli Cyr"",""Adam LaFlamme"",""Soma Putchkayala"",""Kenneth Tang""","naresh.satyamoorthy@insurity.com",""
"Xavier","Jena Davis","","Nayana Jayaraju","""Kelli Cyr"",""Adam LaFlamme"",""Soma Putchkayala"",""Kenneth Tang""","nayana.jayaraju@insurity.com",""
"Xavier","Jena Davis","","Vandana Chouhan","""Kelli Cyr"",""Adam LaFlamme"",""Soma Putchkayala"",""Kenneth Tang""","vandana.chouhan@insurity.com",""
"Technical Platform Solutions","Marianella Chalfant","""Julian Wait"",""Julian Wait""","Gareth Lloyd","""Julian Wait""","gareth.lloyd@insurity.com","""Julian Wait"",""Julian Wait"""
"Technical Platform Solutions","Marianella Chalfant","""Julian Wait"",""Julian Wait""","Jess Knifton","""Julian Wait""","jess.knifton@insurity.com","""Julian Wait"",""Julian Wait"""
"Technical Platform Solutions","Marianella Chalfant","""Julian Wait"",""Julian Wait""","Gareth Levi","""Julian Wait""","gareth.levi@insurity.com","""Julian Wait"",""Julian Wait"""
"Technical Platform Solutions","Marianella Chalfant","""Julian Wait"",""Julian Wait""","Gus Maldonado","""Julian Wait""","gus.maldonado@insurity.com","""Julian Wait"",""Julian Wait"""
"Technical Platform Solutions","Marianella Chalfant","""Julian Wait"",""Julian Wait""","Marianella Chalfant","""Julian Wait""","marianella.chalfant@insurity.com","""Julian Wait"",""Julian Wait"""
"Technical Platform Solutions","Marianella Chalfant","""Julian Wait"",""Julian Wait""","Robert Raymond","""Julian Wait""","robert.raymond@insurity.com","""Julian Wait"",""Julian Wait"""
"Technical Platform Solutions","Marianella Chalfant","""Julian Wait"",""Julian Wait""","Itamar Keren","""Julian Wait""","itamar.keren@insurity.com","""Julian Wait"",""Julian Wait"""
"Technical Platform Solutions","Marianella Chalfant","""Julian Wait"",""Julian Wait""","Sayli Vyavhare","""Julian Wait""","sayli.vyavhare@insurity.com","""Julian Wait"",""Julian Wait"""
"Technical Platform Solutions","Marianella Chalfant","""Julian Wait"",""Julian Wait""","Danilo Raovic","""Julian Wait""","danilo.raovic@insurity.com","""Julian Wait"",""Julian Wait"""
"Technical Platform Solutions","Marianella Chalfant","""Julian Wait"",""Julian Wait""","Marko Stojadinovic","""Julian Wait""","marko.stojadinovic@insurity.com","""Julian Wait"",""Julian Wait"""
"Technical Platform Solutions","Marianella Chalfant","""Julian Wait"",""Julian Wait""","Marko Sindelic","""Julian Wait""","marko.sindelic@insurity.com","""Julian Wait"",""Julian Wait"""
"Strawberry Moon (Sure Underwriting WB)","Him Acharya","""Jeremy Pamplin"",""Julian Wait"",""Julian Wait""","Sam Hard","""Julian Wait""","sam.hard@insurity.com","""Jeremy Pamplin"",""Julian Wait"",""Julian Wait"""
"Strawberry Moon (Sure Underwriting WB)","Him Acharya","""Jeremy Pamplin"",""Julian Wait"",""Julian Wait""","Jim Comiskey","""Julian Wait""","jim.comiskey@insurity.com","""Jeremy Pamplin"",""Julian Wait"",""Julian Wait"""
"Strawberry Moon (Sure Underwriting WB)","Him Acharya","""Jeremy Pamplin"",""Julian Wait"",""Julian Wait""","Jordan McClintock","""Julian Wait""","jordan.mcclintock@insurity.com","""Jeremy Pamplin"",""Julian Wait"",""Julian Wait"""
"Strawberry Moon (Sure Underwriting WB)","Him Acharya","""Jeremy Pamplin"",""Julian Wait"",""Julian Wait""","Him Acharya","""Julian Wait""","him.acharya@insurity.com","""Jeremy Pamplin"",""Julian Wait"",""Julian Wait"""
"Raiden (Customer Experience QA)","Eric Hart","","Eric Hart","","eric.hart@insurity.com",""
"Raiden (Customer Experience QA)","Eric Hart","","Harpreet Singh","","harpreet.singh@insurity.com",""
"Raiden (Customer Experience QA)","Eric Hart","","Nancy 1","","nancy.1@insurity.com",""
"Raiden (Customer Experience QA)","Eric Hart","","Likhit Panigrahi","","likhit.panigrahi@insurity.com",""
"Sunflower Galaxy (Sure Baas Portal)","Julian Wait","""Chris Binkerd"",""Priyamvada Shrivastava"",""Him Acharya""","Vasile Semeniuc","""Him Acharya""","vasile.semeniuc@insurity.com","""Chris Binkerd"",""Priyamvada Shrivastava"",""Him Acharya"""
"Sunflower Galaxy (Sure Baas Portal)","Julian Wait","""Chris Binkerd"",""Priyamvada Shrivastava"",""Him Acharya""","Q Ngo","""Him Acharya""","quoc-thy.ngo@insurity.com","""Chris Binkerd"",""Priyamvada Shrivastava"",""Him Acharya"""
"Sunflower Galaxy (Sure Baas Portal)","Julian Wait","""Chris Binkerd"",""Priyamvada Shrivastava"",""Him Acharya""","Vagish Rai","""Him Acharya""","vagish.rai@insurity.com","""Chris Binkerd"",""Priyamvada Shrivastava"",""Him Acharya"""
"Sunflower Galaxy (Sure Baas Portal)","Julian Wait","""Chris Binkerd"",""Priyamvada Shrivastava"",""Him Acharya""","Uarvarshi Kaul","""Him Acharya""","uarvarshi.kaul@insurity.com","""Chris Binkerd"",""Priyamvada Shrivastava"",""Him Acharya"""
"Sunflower Galaxy (Sure Baas Portal)","Julian Wait","""Chris Binkerd"",""Priyamvada Shrivastava"",""Him Acharya""","Neeraj Kumar","""Him Acharya""","neeraj.kumar@insurity.com","""Chris Binkerd"",""Priyamvada Shrivastava"",""Him Acharya"""
"Sunflower Galaxy (Sure Baas Portal)","Julian Wait","""Chris Binkerd"",""Priyamvada Shrivastava"",""Him Acharya""","Prachi Sharma","""Him Acharya""","prachi.sharma@insurity.com","""Chris Binkerd"",""Priyamvada Shrivastava"",""Him Acharya"""
"Sunflower Galaxy (Sure Baas Portal)","Julian Wait","""Chris Binkerd"",""Priyamvada Shrivastava"",""Him Acharya""","Simmerdeep Singh","""Him Acharya""","simmerdeep.singh@insurity.com","""Chris Binkerd"",""Priyamvada Shrivastava"",""Him Acharya"""
"Sunflower Galaxy (Sure Baas Portal)","Julian Wait","""Chris Binkerd"",""Priyamvada Shrivastava"",""Him Acharya""","Shekar R","""Him Acharya""","shekar.r@insurity.com","""Chris Binkerd"",""Priyamvada Shrivastava"",""Him Acharya"""
"Sunflower Galaxy (Sure Baas Portal)","Julian Wait","""Chris Binkerd"",""Priyamvada Shrivastava"",""Him Acharya""","Shripal Singh","""Him Acharya""","shripal.singh@insurity.com","""Chris Binkerd"",""Priyamvada Shrivastava"",""Him Acharya"""
"Asgard (Sure Personal Policy)","Gopu Somasekharapanicker","""Harish Bansal"",""Wai Pak""","Julie Alin","""Wai Pak""","julie.alin@insurity.com","""Harish Bansal"",""Wai Pak"""
"Asgard (Sure Personal Policy)","Gopu Somasekharapanicker","""Harish Bansal"",""Wai Pak""","Jijo Mathew","""Wai Pak""","jijo.mathew@insurity.com","""Harish Bansal"",""Wai Pak"""
"Asgard (Sure Personal Policy)","Gopu Somasekharapanicker","""Harish Bansal"",""Wai Pak""","Gopu Somasekharapanicker","""Wai Pak""","gopu.somasekharapani@insurity.com","""Harish Bansal"",""Wai Pak"""
"Asgard (Sure Personal Policy)","Gopu Somasekharapanicker","""Harish Bansal"",""Wai Pak""","Renuka Selvam","""Wai Pak""","renuka.selvam@insurity.com","""Harish Bansal"",""Wai Pak"""
"Nebula (Sure PCB Platform)","Gopu Somasekharapanicker","""Scott Owens"",""Scott Owens""","Gardner Hui","""Scott Owens""","gardner.hui@insurity.com","""Scott Owens"",""Scott Owens"""
"Nebula (Sure PCB Platform)","Gopu Somasekharapanicker","""Scott Owens"",""Scott Owens""","Reeja Dcruz","""Scott Owens""","reeja.dcruz@insurity.com","""Scott Owens"",""Scott Owens"""
"Nebula (Sure PCB Platform)","Gopu Somasekharapanicker","""Scott Owens"",""Scott Owens""","Gopu Somasekharapanicker","""Scott Owens""","gopu.somasekharapani@insurity.com","""Scott Owens"",""Scott Owens"""
"Nebula (Sure PCB Platform)","Gopu Somasekharapanicker","""Scott Owens"",""Scott Owens""","Sufyan Hassan","""Scott Owens""","sufyan.hassan@insurity.com","""Scott Owens"",""Scott Owens"""
"Orion (Sure Claims)","Wai Pak","""Wai Pak"",""Sangeetha K S"",""Sangeetha K S""","Sangeetha K S","""Wai Pak"",""Sangeetha K S""","sangeetha.sugathan@insurity.com","""Wai Pak"",""Sangeetha K S"",""Sangeetha K S"""
"Orion (Sure Claims)","Wai Pak","""Wai Pak"",""Sangeetha K S"",""Sangeetha K S""","Geethu Prasanna","""Wai Pak"",""Sangeetha K S""","geethu.prasanna@insurity.com","""Wai Pak"",""Sangeetha K S"",""Sangeetha K S"""
"Orion (Sure Claims)","Wai Pak","""Wai Pak"",""Sangeetha K S"",""Sangeetha K S""","Arun Warrier","""Wai Pak"",""Sangeetha K S""","arun.warrier@insurity.com","""Wai Pak"",""Sangeetha K S"",""Sangeetha K S"""
"Orion (Sure Claims)","Wai Pak","""Wai Pak"",""Sangeetha K S"",""Sangeetha K S""","Karthi Nachimuthu","""Wai Pak"",""Sangeetha K S""","karthi.nachimuthu@insurity.com","""Wai Pak"",""Sangeetha K S"",""Sangeetha K S"""
"Sirius (Sure Personal Billing)","Gopu Somasekharapanicker","""Chris Binkerd"",""Wai Pak""","Antony D'couto","""Chris Binkerd"",""Wai Pak""","antony.dcouto@insurity.com","""Chris Binkerd"",""Wai Pak"""
"Sirius (Sure Personal Billing)","Gopu Somasekharapanicker","""Chris Binkerd"",""Wai Pak""","Prasanth DV","""Chris Binkerd"",""Wai Pak""","prasanth.vrindavanam@insurity.com","""Chris Binkerd"",""Wai Pak"""
"Sirius (Sure Personal Billing)","Gopu Somasekharapanicker","""Chris Binkerd"",""Wai Pak""","Gopu Somasekharapanicker","""Chris Binkerd"",""Wai Pak""","gopu.somasekharapani@insurity.com","""Chris Binkerd"",""Wai Pak"""
"Derecho (Chesapeake)","Melyssa Wright","""Vikram Saklikar""","Jyoti Puri","","jyoti.puri@insurity.com","""Vikram Saklikar"""
"Derecho (Chesapeake)","Melyssa Wright","""Vikram Saklikar""","Itamar Keren","","itamar.keren@insurity.com","""Vikram Saklikar"""
"Derecho (Chesapeake)","Melyssa Wright","""Vikram Saklikar""","Neila Wagner","","neila.wagner@insurity.com","""Vikram Saklikar"""
"Purple Moon (Sure Commercial)","Him Acharya","""Chris Binkerd"",""Mark Strelau"",""Him Acharya""","Ross Chambers","""Mark Strelau"",""Him Acharya""","ross.chambers@insurity.com","""Chris Binkerd"",""Mark Strelau"",""Him Acharya"""
"Purple Moon (Sure Commercial)","Him Acharya","""Chris Binkerd"",""Mark Strelau"",""Him Acharya""","Mark Strelau","""Mark Strelau"",""Him Acharya""","mark.strelau@insurity.com","""Chris Binkerd"",""Mark Strelau"",""Him Acharya"""
"Purple Moon (Sure Commercial)","Him Acharya","""Chris Binkerd"",""Mark Strelau"",""Him Acharya""","Vince Antonio","""Mark Strelau"",""Him Acharya""","vince.antonio@insurity.com","""Chris Binkerd"",""Mark Strelau"",""Him Acharya"""
"Purple Moon (Sure Commercial)","Him Acharya","""Chris Binkerd"",""Mark Strelau"",""Him Acharya""","Sam Hard","""Mark Strelau"",""Him Acharya""","sam.hard@insurity.com","""Chris Binkerd"",""Mark Strelau"",""Him Acharya"""
"Purple Moon (Sure Commercial)","Him Acharya","""Chris Binkerd"",""Mark Strelau"",""Him Acharya""","Quinn Post","""Mark Strelau"",""Him Acharya""","quinn.post@insurity.com","""Chris Binkerd"",""Mark Strelau"",""Him Acharya"""
"Purple Moon (Sure Commercial)","Him Acharya","""Chris Binkerd"",""Mark Strelau"",""Him Acharya""","Ramiro Caballero","""Mark Strelau"",""Him Acharya""","ramiro.caballero@insurity.com","""Chris Binkerd"",""Mark Strelau"",""Him Acharya"""
"Purple Moon (Sure Commercial)","Him Acharya","""Chris Binkerd"",""Mark Strelau"",""Him Acharya""","Lindsay Parker","""Mark Strelau"",""Him Acharya""","lindsay.parker@insurity.com","""Chris Binkerd"",""Mark Strelau"",""Him Acharya"""
"Purple Moon (Sure Commercial)","Him Acharya","""Chris Binkerd"",""Mark Strelau"",""Him Acharya""","Manuel Tomagan","""Mark Strelau"",""Him Acharya""","manuel.tomagan@insurity.com","""Chris Binkerd"",""Mark Strelau"",""Him Acharya"""
"Purple Moon (Sure Commercial)","Him Acharya","""Chris Binkerd"",""Mark Strelau"",""Him Acharya""","Jim Comiskey","""Mark Strelau"",""Him Acharya""","jim.comiskey@insurity.com","""Chris Binkerd"",""Mark Strelau"",""Him Acharya"""
"Purple Moon (Sure Commercial)","Him Acharya","""Chris Binkerd"",""Mark Strelau"",""Him Acharya""","Jordan McClintock","""Mark Strelau"",""Him Acharya""","jordan.mcclintock@insurity.com","""Chris Binkerd"",""Mark Strelau"",""Him Acharya"""
"Purple Moon (Sure Commercial)","Him Acharya","""Chris Binkerd"",""Mark Strelau"",""Him Acharya""","Jason Erdakos","""Mark Strelau"",""Him Acharya""","jason.erdakos@insurity.com","""Chris Binkerd"",""Mark Strelau"",""Him Acharya"""
"Purple Moon (Sure Commercial)","Him Acharya","""Chris Binkerd"",""Mark Strelau"",""Him Acharya""","Debbie Legan","""Mark Strelau"",""Him Acharya""","debbie.legan@insurity.com","""Chris Binkerd"",""Mark Strelau"",""Him Acharya"""
"Purple Moon (Sure Commercial)","Him Acharya","""Chris Binkerd"",""Mark Strelau"",""Him Acharya""","Harry Narvaez","""Mark Strelau"",""Him Acharya""","harry.narvaez@insurity.com","""Chris Binkerd"",""Mark Strelau"",""Him Acharya"""
"Purple Moon (Sure Commercial)","Him Acharya","""Chris Binkerd"",""Mark Strelau"",""Him Acharya""","Brian Lenway","""Mark Strelau"",""Him Acharya""","brian.lenway@insurity.com","""Chris Binkerd"",""Mark Strelau"",""Him Acharya"""
"Purple Moon (Sure Commercial)","Him Acharya","""Chris Binkerd"",""Mark Strelau"",""Him Acharya""","Darko Pavlovic","""Mark Strelau"",""Him Acharya""","darko.pavlovic@insurity.com","""Chris Binkerd"",""Mark Strelau"",""Him Acharya"""
"Purple Moon (Sure Commercial)","Him Acharya","""Chris Binkerd"",""Mark Strelau"",""Him Acharya""","Savo Grujicic","""Mark Strelau"",""Him Acharya""","savo.grujicic@insurity.com","""Chris Binkerd"",""Mark Strelau"",""Him Acharya"""
"Petra (PALC)","Malcolm Maltinsky","""Julian Wait"",""Shaheen Malik""","Rose Yang","""Julian Wait""","rose.yang@insurity.com","""Julian Wait"",""Shaheen Malik"""
"Petra (PALC)","Malcolm Maltinsky","""Julian Wait"",""Shaheen Malik""","Jaya Priya","""Julian Wait""","jaya.priya@insurity.com","""Julian Wait"",""Shaheen Malik"""
"Petra (PALC)","Malcolm Maltinsky","""Julian Wait"",""Shaheen Malik""","Sean Purcell","""Julian Wait""","sean.purcell@insurity.com","""Julian Wait"",""Shaheen Malik"""
"Petra (PALC)","Malcolm Maltinsky","""Julian Wait"",""Shaheen Malik""","Shariff Pasha","""Julian Wait""","shariff.pasha@insurity.com","""Julian Wait"",""Shaheen Malik"""
"Petra (PALC)","Malcolm Maltinsky","""Julian Wait"",""Shaheen Malik""","Tran Vo","""Julian Wait""","tran.vo@insurity.com","""Julian Wait"",""Shaheen Malik"""
"Petra (PALC)","Malcolm Maltinsky","""Julian Wait"",""Shaheen Malik""","Abhishekha Reddy","""Julian Wait""","abhishekha.reddy@insurity.com","""Julian Wait"",""Shaheen Malik"""
"Petra (PALC)","Malcolm Maltinsky","""Julian Wait"",""Shaheen Malik""","Gayathri Venkataramani","""Julian Wait""","gayathri.venkataram@insurity.com","""Julian Wait"",""Shaheen Malik"""
"Galapagos (PALC)","Malcolm Maltinsky","""Julian Wait"",""Shaheen Malik""","Ricardo Boza","""Julian Wait""","ricardo.boza@insurity.com","""Julian Wait"",""Shaheen Malik"""
"Galapagos (PALC)","Malcolm Maltinsky","""Julian Wait"",""Shaheen Malik""","Vidya Priya","""Julian Wait""","vidya.priya@insurity.com","""Julian Wait"",""Shaheen Malik"""
"Galapagos (PALC)","Malcolm Maltinsky","""Julian Wait"",""Shaheen Malik""","Pintu Kumar","""Julian Wait""","pintu.kumar@insurity.com","""Julian Wait"",""Shaheen Malik"""
"Galapagos (PALC)","Malcolm Maltinsky","""Julian Wait"",""Shaheen Malik""","Dinesh Kanwar","""Julian Wait""","dinesh.kanwar@insurity.com","""Julian Wait"",""Shaheen Malik"""
"Galapagos (PALC)","Malcolm Maltinsky","""Julian Wait"",""Shaheen Malik""","Sangeetha RadhaKrishnan","""Julian Wait""","sangeetha.radhakrishnan@insurity.com","""Julian Wait"",""Shaheen Malik"""
"Galapagos (PALC)","Malcolm Maltinsky","""Julian Wait"",""Shaheen Malik""","Nikhil Saxena","""Julian Wait""","nikhil.saxena@insurity.com","""Julian Wait"",""Shaheen Malik"""
"Galapagos (PALC)","Malcolm Maltinsky","""Julian Wait"",""Shaheen Malik""","Lakshmi Chandrashekar","""Julian Wait""","lakshmi.chandrasheka@insurity.com","""Julian Wait"",""Shaheen Malik"""
"Blood Moon (Sure Commercial - DB)","Arron Schraft","""Him Acharya"",""Chris Binkerd"",""Him Acharya""","Len Koenigsmark","""Chris Binkerd"",""Him Acharya""","len.koenigsmark@insurity.com","""Him Acharya"",""Chris Binkerd"",""Him Acharya"""
"Blood Moon (Sure Commercial - DB)","Arron Schraft","""Him Acharya"",""Chris Binkerd"",""Him Acharya""","Adam Kravat","""Chris Binkerd"",""Him Acharya""","adam.kravat@insurity.com","""Him Acharya"",""Chris Binkerd"",""Him Acharya"""
"Blood Moon (Sure Commercial - DB)","Arron Schraft","""Him Acharya"",""Chris Binkerd"",""Him Acharya""","Arron Schraft","""Chris Binkerd"",""Him Acharya""","arron.schraft@insurity.com","""Him Acharya"",""Chris Binkerd"",""Him Acharya"""
"Jargonnauts (Technical Writing)","Lauren Sexton","""Campbell Tremblay""","Lauren Sexton","","lauren.sexton@insurity.com","""Campbell Tremblay"""
"Jargonnauts (Technical Writing)","Lauren Sexton","""Campbell Tremblay""","Stephanie Comtois","","stephanie.comtois@insurity.com","""Campbell Tremblay"""
"Jargonnauts (Technical Writing)","Lauren Sexton","""Campbell Tremblay""","Jason Lundrigan","","jason.lundrigan@insurity.com","""Campbell Tremblay"""
"Jargonnauts (Technical Writing)","Lauren Sexton","""Campbell Tremblay""","Tia Nelson","","tia.nelson@insurity.com","""Campbell Tremblay"""
"Jargonnauts (Technical Writing)","Lauren Sexton","""Campbell Tremblay""","Stacey Gohman","","stacey.gohman@insurity.com","""Campbell Tremblay"""
"Jargonnauts (Technical Writing)","Lauren Sexton","""Campbell Tremblay""","Pavneet Kaur","","pavneet.kaur@insurity.com","""Campbell Tremblay"""
"Blue Galaxy (Sure MGA)","Robert Francis","""Him Acharya"",""Him Acharya""","Ivan Negrojevic","""Him Acharya""","ivan.negrojevic@insurity.com","""Him Acharya"",""Him Acharya"""
"Blue Galaxy (Sure MGA)","Robert Francis","""Him Acharya"",""Him Acharya""","Milos Stankovic","""Him Acharya""","milos.stankovic@insurity.com","""Him Acharya"",""Him Acharya"""
"Blue Galaxy (Sure MGA)","Robert Francis","""Him Acharya"",""Him Acharya""","Suchismita Sanyal","""Him Acharya""","suchismita.sanyal@insurity.com","""Him Acharya"",""Him Acharya"""
"Blue Galaxy (Sure MGA)","Robert Francis","""Him Acharya"",""Him Acharya""","Ryan Snow","""Him Acharya""","ryan.snow@insurity.com","""Him Acharya"",""Him Acharya"""
"Blue Galaxy (Sure MGA)","Robert Francis","""Him Acharya"",""Him Acharya""","Maria Lamay","""Him Acharya""","maria.lamay@insurity.com","""Him Acharya"",""Him Acharya"""
"Blue Galaxy (Sure MGA)","Robert Francis","""Him Acharya"",""Him Acharya""","Robert Francis","""Him Acharya""","robert.francis@insurity.com","""Him Acharya"",""Him Acharya"""
"Blue Galaxy (Sure MGA)","Robert Francis","""Him Acharya"",""Him Acharya""","Bernie Rivera","""Him Acharya""","bernie.rivera@insurity.com","""Him Acharya"",""Him Acharya"""
"Blue Galaxy (Sure MGA)","Robert Francis","""Him Acharya"",""Him Acharya""","David Hong","""Him Acharya""","david.hong@insurity.com","""Him Acharya"",""Him Acharya"""
"Blue Galaxy (Sure MGA)","Robert Francis","""Him Acharya"",""Him Acharya""","Darrell Crouse","""Him Acharya""","darrell.crouse@insurity.com","""Him Acharya"",""Him Acharya"""
"Blue Galaxy (Sure MGA)","Robert Francis","""Him Acharya"",""Him Acharya""","James Strope","""Him Acharya""","james.strope@insurity.com","""Him Acharya"",""Him Acharya"""
"Blue Galaxy (Sure MGA)","Robert Francis","""Him Acharya"",""Him Acharya""","Emily Zahm","""Him Acharya""","emily.zahm@insurity.com","""Him Acharya"",""Him Acharya"""
"Blue Galaxy (Sure MGA)","Robert Francis","""Him Acharya"",""Him Acharya""","Junior Kabongo","""Him Acharya""","junior.kabongo@insurity.com","""Him Acharya"",""Him Acharya"""
"Blue Galaxy (Sure MGA)","Robert Francis","""Him Acharya"",""Him Acharya""","Metodija Zdravkovski","""Him Acharya""","metodija.zdravkovski@insurity.com","""Him Acharya"",""Him Acharya"""
"Blue Galaxy (Sure MGA)","Robert Francis","""Him Acharya"",""Him Acharya""","Arife Ljutviovska","""Him Acharya""","arife.ljutviovska@insurity.com","""Him Acharya"",""Him Acharya"""
"Blue Galaxy (Sure MGA)","Robert Francis","""Him Acharya"",""Him Acharya""","Sasa Jovanovic","""Him Acharya""","sasa.jovanovic@insurity.com","""Him Acharya"",""Him Acharya"""
"Jupiter Storm (Sure MGA)","Marianella Chalfant","""Him Acharya"",""Him Acharya""","Marianella Chalfant","""Him Acharya""","marianella.chalfant@insurity.com","""Him Acharya"",""Him Acharya"""
"Jupiter Storm (Sure MGA)","Marianella Chalfant","""Him Acharya"",""Him Acharya""","Alok Singh","""Him Acharya""","alok.singh@insurity.com","""Him Acharya"",""Him Acharya"""
"Jupiter Storm (Sure MGA)","Marianella Chalfant","""Him Acharya"",""Him Acharya""","Aditya-Mohan Dewal","""Him Acharya""","adityamohan.dewal@insurity.com","""Him Acharya"",""Him Acharya"""
"Jupiter Storm (Sure MGA)","Marianella Chalfant","""Him Acharya"",""Him Acharya""","Steven Johnson","""Him Acharya""","steven.johnson@insurity.com","""Him Acharya"",""Him Acharya"""
"Jupiter Storm (Sure MGA)","Marianella Chalfant","""Him Acharya"",""Him Acharya""","Sean Allen","""Him Acharya""","sean.allen@insurity.com","""Him Acharya"",""Him Acharya"""
"Jupiter Storm (Sure MGA)","Marianella Chalfant","""Him Acharya"",""Him Acharya""","Rithica B","""Him Acharya""","rithica.b@insurity.com","""Him Acharya"",""Him Acharya"""
"Sapphire Neptune (Sure MGA)","Robert Francis","""Him Acharya"",""Him Acharya""","Vivek Sharma","""Him Acharya""","vivek.sharma@insurity.com","""Him Acharya"",""Him Acharya"""
"Sapphire Neptune (Sure MGA)","Robert Francis","""Him Acharya"",""Him Acharya""","Mike Lipkowitz","""Him Acharya""","mike.lipkowitz@insurity.com","""Him Acharya"",""Him Acharya"""
"Sapphire Neptune (Sure MGA)","Robert Francis","""Him Acharya"",""Him Acharya""","Janella Hinson","""Him Acharya""","janella.hinson@insurity.com","""Him Acharya"",""Him Acharya"""
"Sapphire Neptune (Sure MGA)","Robert Francis","""Him Acharya"",""Him Acharya""","Lindsey Orr","""Him Acharya""","lindsey.orr@insurity.com","""Him Acharya"",""Him Acharya"""
"Sapphire Neptune (Sure MGA)","Robert Francis","""Him Acharya"",""Him Acharya""","Thomas Keeney","""Him Acharya""","thomas.keeney@insurity.com","""Him Acharya"",""Him Acharya"""
"Sapphire Neptune (Sure MGA)","Robert Francis","""Him Acharya"",""Him Acharya""","Sheryl Chancellor","""Him Acharya""","sheryl.chancellor@insurity.com","""Him Acharya"",""Him Acharya"""
"Sapphire Neptune (Sure MGA)","Robert Francis","""Him Acharya"",""Him Acharya""","Rachel McAtee","""Him Acharya""","rachel.mcatee@insurity.com","""Him Acharya"",""Him Acharya"""
"Sapphire Neptune (Sure MGA)","Robert Francis","""Him Acharya"",""Him Acharya""","Matthew Galvan","""Him Acharya""","matthew.galvan@insurity.com","""Him Acharya"",""Him Acharya"""
"Sapphire Neptune (Sure MGA)","Robert Francis","""Him Acharya"",""Him Acharya""","Marija Ristic","""Him Acharya""","marija.ristic@insurity.com","""Him Acharya"",""Him Acharya"""
"Sapphire Neptune (Sure MGA)","Robert Francis","""Him Acharya"",""Him Acharya""","Arsenije Milin","""Him Acharya""","arsenije.milin@insurity.com","""Him Acharya"",""Him Acharya"""
"Sapphire Neptune (Sure MGA)","Robert Francis","""Him Acharya"",""Him Acharya""","Aleksandra Aleksic","""Him Acharya""","aleksandra.aleksic@insurity.com","""Him Acharya"",""Him Acharya"""
"Sapphire Neptune (Sure MGA)","Robert Francis","""Him Acharya"",""Him Acharya""","Dheramandra Mohan","""Him Acharya""","dheramandra.mohan@insurity.com","""Him Acharya"",""Him Acharya"""
"Professional Services - RCG","Michele Doodnaught","","Allan Cabigting","","allan.cabigting@insurity.com",""
"First American ART (FA ART)","AP Samy","""Pradeep Tiwari"",""Abdul Alim""","AP Samy","""Pradeep Tiwari"",""Abdul Alim""","ap.samy@insurity.com","""Pradeep Tiwari"",""Abdul Alim"""
"First American ART (FA ART)","AP Samy","""Pradeep Tiwari"",""Abdul Alim""","Charan Reddy","""Pradeep Tiwari"",""Abdul Alim""","charan.reddy@insurity.com","""Pradeep Tiwari"",""Abdul Alim"""
"First American ART (FA ART)","AP Samy","""Pradeep Tiwari"",""Abdul Alim""","Tong Xu","""Pradeep Tiwari"",""Abdul Alim""","tong.xu@insurity.com","""Pradeep Tiwari"",""Abdul Alim"""
"First American ART (FA ART)","AP Samy","""Pradeep Tiwari"",""Abdul Alim""","Arun Kumar Nair","""Pradeep Tiwari"",""Abdul Alim""","arun.nair@insurity.com","""Pradeep Tiwari"",""Abdul Alim"""
"First American ART (FA ART)","AP Samy","""Pradeep Tiwari"",""Abdul Alim""","Jestin Sebastian","""Pradeep Tiwari"",""Abdul Alim""","jestin.sebastian@insurity.com","""Pradeep Tiwari"",""Abdul Alim"""
"First American ART (FA ART)","AP Samy","""Pradeep Tiwari"",""Abdul Alim""","Subhadra Vedula","""Pradeep Tiwari"",""Abdul Alim""","subhadra.vedula@insurity.com","""Pradeep Tiwari"",""Abdul Alim"""
"First American ART (FA ART)","AP Samy","""Pradeep Tiwari"",""Abdul Alim""","Pradeep Tiwari","""Pradeep Tiwari"",""Abdul Alim""","pradeep.tiwari@insurity.com","""Pradeep Tiwari"",""Abdul Alim"""
